{
 "French Camp Slough, Walker Slough": [
  37.9160359,
  -121.3002235
 ],
 "Calaveras River, Morman Slough, San Joaquin River, Smith Canal, Stockton Deep Water Channel and Port": [
  37.9668678,
  -121.3677259
 ],
 "Sacramento River Deep Water Ship Channel, Northern Sherman Lake": [
  38.4040153,
  -121.6148297
 ],
 "Sycamore Slough, Brack Tract, Terminous Tract": [
  38.1398959,
  -121.4802518
 ],
 "Lost Slough, Consumnes River": [
  38.2685538,
  -121.4389591
 ],
 "Fourteen Mile Slough": [
  38.0252968,
  -121.3961484
 ],
 "Disappointment Slough": [
  38.0407546,
  -121.4460616
 ],
 "White Slough": [
  38.0460402,
  -121.4007205
 ],
 "Honker Cut": [
  38.0640873,
  -121.458562
 ],
 "Old River": [
  37.9221582,
  -121.5542427
 ],
 "Big Break, Southwest Big Break": [
  38.010852,
  -121.7290251
 ],
 "Big Break, Northwest Big Break, Big Break Marina": [
  38.011463,
  -121.732961
 ],
 "South Mokelumne River, Staten Island, Canal Ranch": [
  38.1326959,
  -121.5682864
 ],
 "Contra Costa Canal, Rock Slough, Sand Mound Slough": [
  38.0115637,
  -121.6165436
 ],
 "Snodgrass Slough, Southern Pacific Ditch, Alfalfa Plant Road": [
  38.2678238,
  -121.5010662
 ],
 "Snodgrass Slough, South Stone Lake, Lambert Road": [
  38.3445968,
  -121.4977433
 ],
 "Middle River": [
  37.9041172,
  -121.4967672
 ],
 "Railroad Cut": [
  38.8779771,
  -121.0860519
 ],
 "Piper Slough, False River, Sandmound Slough": [
  38.0467395,
  -121.6381141
 ],
 "Bear Creek, Pixley Slough": [
  38.0443657,
  -121.3868937
 ],
 "Cabin Slough, Sherman Lake, East Cabin Slough": [
  36.778261,
  -119.4179324
 ],
 "Sherman Lake, Eastern Central Sherman Island WMA": [
  38.0402332,
  -121.7964688
 ],
 "Delta Mendota Canal, River's End": [
  37.8088621,
  -121.5590301
 ],
 "Big Break, Little Big Break, Lauritzen Yacht Harbor, Antioch Bridge": [
  38.0165653,
  -121.747606
 ],
 "Islemouth Slough, South Mokelumne River, Westgate Landing, Staten Island, Terminous Tract": [
  38.1233598,
  -121.4953271
 ],
 "South Mokelumne River, Potato Slough, Staten Island, Bouldin Island": [
  38.1326959,
  -121.5682864
 ],
 "Little Potato Slough": [
  38.0883198,
  -121.5273251
 ],
 "Potato Slough": [
  38.083253,
  -121.5427302
 ],
 "Dutch Slough, Emerson Slough": [
  38.0128016,
  -121.6543339
 ],
 "Seven Mile Slough, Jackson Slough, Tomato Slough, Brannan Island, Twitchell Island": [
  38.1102102,
  -121.696818
 ],
 "Whiskey Slough": [
  37.9419166,
  -121.4391431
 ],
 "San Joaquin River, West Island": [
  36.906754,
  -119.7571261
 ],
 "Cabin Slough, Sherman Lake, West Cabin Slough": [
  36.778261,
  -119.4179324
 ],
 "Little Connection Slough": [
  38.0521211,
  -121.50109
 ],
 "South Mokelumne River, North Fork of Mokelumne River, Staten Island, Bouldin Island": [
  38.1097595,
  -121.5749849
 ],
 "Donlon Island, Mayberry Slough, Sherman Lake": [
  38.0463121,
  -121.7654509
 ],
 "Mayberry Cut, Sherman Lake": [
  38.0326984,
  -121.7843998
 ],
 "Mosher Slough": [
  38.0283496,
  -121.3333668
 ],
 "Snodgrass Slough, The Meadows Slough, Southern Pacific Ditch": [
  38.2634507,
  -121.5095218
 ],
 "Broad Slough, Sacramento River Deep Water Ship Channel, San Joaquin River, Sherman Lake": [
  38.0480247,
  -121.8405853
 ],
 "Broad Slough, San Joaquin River, Sherman Lake, Cabin Slough": [
  38.0679749,
  -121.8427354
 ],
 "Snodgrass Slough, The Meadows Slough, Railroad Cut": [
  38.2634507,
  -121.5095218
 ],
 "Buckley Cove, San Joaquin River, Stockton Deep Water Channel": [
  38.0560318,
  -121.5260632
 ],
 "Black Slough, Blackslough Landing, Fourteen Mile Slough, San Joaquin River": [
  37.9807564,
  -121.4207827
 ],
 "Mandeville Cut, Mandeville Reach, San Joaquin River, Stockton Deep Water Channel, Venice Cut": [
  37.9577016,
  -121.2907796
 ],
 "Discovery Bay, Indian Slough": [
  37.9180853,
  -121.5794541
 ],
 "Heypress Reach, Hog Island Cut, San Joaquin River, Stockton Deep Water Channel, Twentyone Mile Cut": [
  38.0065891,
  -121.4532838
 ],
 "Bishop Cut": [
  38.0640874,
  -121.4182834
 ],
 "Taylor Slough, South Taylor Slough, Caliente Harbor, Anchor Marina": [
  38.0307075,
  -121.6669642
 ],
 "Taylor Slough, North Taylor Slough, Mariner Cove Marina, Jackass Point": [
  36.778261,
  -119.4179324
 ],
 "Turner Cut, Empire Cut, Whiskey Slough, San Joaquin River, Stockton Deep Water Channel": [
  37.9825554,
  -121.472997
 ],
 "San Joaquin River, Stockton Deep Water Channel, Headreach Island": [
  38.0560318,
  -121.5260632
 ],
 "Mokelumne River, Andrus Island, Willow Berm, Perrys Boat Harbor and Drydock": [
  38.1242441,
  -121.5830135
 ],
 "Connection Slough, Middle River": [
  38.020445,
  -121.5271873
 ],
 "North Canal, Victoria Canal": [
  37.91325800000001,
  -121.5424505
 ],
 "Empire Cut, Middle River, Mildred Island": [
  39.3342744,
  -76.4394056
 ],
 "Upland Canal, White Slough": [
  38.0460402,
  -121.4007205
 ],
 "Franks Tract, Little Franks Tract, Southwest Franks Tract": [
  38.0499204,
  -121.6510646
 ],
 "Columbia Cut, San Joaquin River, Stockton Deep Water Channel, Upper Whiskey Slough, Tinsley Island": [
  38.0377747,
  -121.4945308
 ],
 "San Joaquin River, Hayes Reach, Old River": [
  38.0751976,
  -121.5710638
 ],
 "Sherman Lake, South Sherman Island, San Joaquin River": [
  38.0402332,
  -121.7964688
 ],
 "Sacramento River, Sherman Lake, Mayberry Slough, Sandy Beach Park": [
  38.0463121,
  -121.7654509
 ],
 "North Victoria Canal, Woodward Canal": [
  37.9138136,
  -121.5418949
 ],
 "Middle River, Mildred Island": [
  39.3342744,
  -76.4394056
 ],
 "Connection Slough, Middle River, Mildred Island": [
  39.3342744,
  -76.4394056
 ],
 "Roosevelt Cut, Sand Mound Slough": [
  38.0182549,
  -121.6035638
 ],
 "Fisherman's Cut, False River, San Joaquin River": [
  38.069642,
  -121.6480091
 ],
 "Empire Cut, Mildred Island": [
  37.9716273,
  -121.5014912
 ],
 "San Joaquin River, Mossdale": [
  37.78465,
  -121.3085543
 ],
 "San Joaquin River, San Joaquin River, Dos Reis County Park Boat Launch Facility": [
  37.8313168,
  -121.3106683
 ],
 "San Joaquin River": [
  37.2813001,
  -120.8272698
 ],
 "Connection Slough, Holland Cut, Little Mandeville Island, Rhode Island": [
  38.0149218,
  -121.5813413
 ],
 "Holland Cut, Sheep Slough": [
  38.0149218,
  -121.5813413
 ],
 "Dutch Slough, Jersey Island": [
  38.0128016,
  -121.6543339
 ],
 "Dutch Slough, West Dutch Slough": [
  38.0128016,
  -121.6543339
 ],
 "San Joaquin River,  Andrus Island, Seven Mile Slough, Mokelumne River": [
  38.1097595,
  -121.5749849
 ],
 "Telephone Cut": [
  38.0726982,
  -121.3991164
 ],
 "Old River, Paradise Cut": [
  37.7826358,
  -121.3620713
 ],
 "Old River, Paradise Cut, Salmon Slough": [
  37.7826358,
  -121.3620713
 ],
 "Sugar Slough, Tom Paine Slough": [
  37.76500300000001,
  -121.3438345
 ],
 "Latham Slough, Middle River, Mildred Island": [
  37.9845981,
  -121.5166597
 ],
 "Fabian & Bell Canal, Grant Line Canal": [
  37.819094,
  -121.4824477
 ],
 "Grant Line Canal, Salmon Slough": [
  37.8127052,
  -121.416335
 ],
 "Connection Slough, Little Mandeville Island, Bacon Island": [
  38.020445,
  -121.5271873
 ],
 "Burns Cutoff": [
  37.9624236,
  -121.3757815
 ],
 "Old River, False River, San Joaquin River, Webb Tract": [
  38.0566258,
  -121.6603934
 ],
 "San Joaquin River, Twitchell Island": [
  38.1096407,
  -121.6485651
 ],
 "Gallagher Slough, San Joaquin River, Sherman Island": [
  38.0561783,
  -121.7007306
 ],
 "Werner Dredger Cut": [
  37.9313129,
  -121.6085628
 ],
 "Rock Slough": [
  37.9754785,
  -121.5807852
 ],
 "San Joaquin River, Kimball Island": [
  38.0271429,
  -121.816623
 ],
 "Sherman Lake, Central Sherman Island WMA": [
  38.0402332,
  -121.7964688
 ],
 "Horseshoe Bend, Sacramento River, Three Mile Slough, Sherman Island": [
  38.0593642,
  -121.7332878
 ],
 "Decker Island, Horseshoe Bend, Sacramento River": [
  38.0835302,
  -121.7152324
 ],
 "Big Break, Marsh Creek": [
  38.010852,
  -121.7290251
 ],